id;nombre;descripcion;foto_src;horario;precio
1;Distributed;middleware partnerships;digital Internal Lead;24/7 Bahamian Dollar;41287
2;Generic eyeballs Buckinghamshire;Shoes communities;Cape;Gorgeous Iowa Borders;87532
3;Vatu;infrastructure;Fantastic Wells Security;View;93863
4;capability;Digitized;index 3rd generation;magenta purple interface;96149
5;Heard Island and McDonald Islands;Group concept Industrial;HDD platforms;Outdoors withdrawal;7558
6;Program Bacon Credit Card Account;hacking Path;Checking Account Rapids Visionary;monitor Architect;77252
7;Metal Buckinghamshire;Bike;infomediaries;Small neural circuit;26191
8;withdrawal;empowering matrix;copy Cambridgeshire;Danish Krone feed National;36510
9;program;repurpose black;navigating Investment Account Andorra;Massachusetts Assurance Group;88262
10;e-services Specialist hack;Salad silver;Planner Marketing;Car;16269
