id;nombre;descripcion;direccion;calificacion;imagen_fondo_src;imagen_perfil_src
1;Practical Soft Table Shoes benchmark;Senior;PNG;1608;Granite Rubber Cyprus;Handcrafted engineer Riel
2;Table;Sleek Cambridgeshire;Dynamic Group user-facing;37742;Lebanon;Nigeria transition
3;local area network New Jersey;IB;deposit Implemented;48031;wireless;communities synthesize
4;Designer Re-engineered interface;motivating;static input vortals;53243;cross-platform panel Future;Technician
5;Designer Unbranded panel;Forward hack;Ergonomic invoice;16067;Soft;Platinum Investor Nebraska
6;Games;bandwidth EXE Personal Loan Account;quantify;96988;Kina Quality Wooden;Tennessee backing up
7;actuating;Granite;Factors;2196;Guatemala;extend
8;back up;Intelligent Syrian Pound Cotton;Regional Salad infrastructure;36584;orchid;XSS Business-focused
9;Human;turn-key;bandwidth Unbranded Somoni;35629;Executive;Forward PCI
10;India;teal;Credit Card Account Awesome Granite Chicken;19672;Belarussian Ruble;Fantastic Incredible Soft Bike Danish Krone
